observation_date,BAMLC0A0CM,SP500
2015/2/4,1.5,2041.51
2015/2/5,1.49,2062.52
2015/2/6,1.46,2055.47
2015/2/9,1.45,2046.74
2015/2/10,1.45,2068.59
2015/2/11,1.45,2068.53
2015/2/12,1.43,2088.48
2015/2/13,1.43,2096.99
2015/2/16,1.43,
2015/2/17,1.41,2100.34
2015/2/18,1.4,2099.68
2015/2/19,1.39,2097.45
2015/2/20,1.38,2110.3
2015/2/23,1.38,2109.66
2015/2/24,1.38,2115.48
2015/2/25,1.39,2113.86
2015/2/26,1.37,2110.74
2015/2/27,1.38,2104.5
2015/2/28,1.32,
2015/3/2,1.31,2117.39
2015/3/3,1.3,2107.78
2015/3/4,1.31,2098.53
2015/3/5,1.31,2101.04
2015/3/6,1.29,2071.26
2015/3/9,1.3,2079.43
2015/3/10,1.32,2044.16
2015/3/11,1.32,2040.24
2015/3/12,1.33,2065.95
2015/3/13,1.34,2053.4
2015/3/16,1.35,2081.19
2015/3/17,1.37,2074.28
2015/3/18,1.38,2099.5
2015/3/19,1.38,2089.27
2015/3/20,1.38,2108.1
2015/3/23,1.38,2104.42
2015/3/24,1.38,2091.5
2015/3/25,1.38,2061.05
2015/3/26,1.38,2056.15
2015/3/27,1.38,2061.02
2015/3/30,1.38,2086.24
2015/3/31,1.36,2067.89
2015/4/1,1.37,2059.69
2015/4/2,1.36,2066.96
2015/4/3,,
2015/4/6,1.36,2080.62
2015/4/7,1.34,2076.33
2015/4/8,1.34,2081.9
2015/4/9,1.33,2091.18
2015/4/10,1.32,2102.06
2015/4/13,1.32,2092.43
2015/4/14,1.32,2095.84
2015/4/15,1.33,2106.63
2015/4/16,1.33,2104.99
2015/4/17,1.33,2081.18
2015/4/20,1.33,2100.4
2015/4/21,1.32,2097.29
2015/4/22,1.31,2107.96
2015/4/23,1.32,2112.93
2015/4/24,1.32,2117.69
2015/4/27,1.32,2108.92
2015/4/28,1.32,2114.76
2015/4/29,1.32,2106.85
2015/4/30,1.34,2085.51
2015/5/1,1.33,2108.29
2015/5/4,1.33,2114.49
2015/5/5,1.33,2089.46
2015/5/6,1.33,2080.15
2015/5/7,1.33,2088
2015/5/8,1.34,2116.1
2015/5/11,1.32,2105.33
2015/5/12,1.33,2099.12
2015/5/13,1.33,2098.48
2015/5/14,1.33,2121.1
2015/5/15,1.33,2122.73
2015/5/18,1.32,2129.2
2015/5/19,1.32,2127.83
2015/5/20,1.33,2125.85
2015/5/21,1.34,2130.82
2015/5/22,1.34,2126.06
2015/5/25,,
2015/5/26,1.34,2104.2
2015/5/27,1.35,2123.48
2015/5/28,1.36,2120.79
2015/5/29,1.37,2107.39
2015/5/31,1.38,
2015/6/1,1.38,2111.73
2015/6/2,1.38,2109.6
2015/6/3,1.38,2114.07
2015/6/4,1.39,2095.84
2015/6/5,1.38,2092.83
2015/6/8,1.38,2079.28
2015/6/9,1.39,2080.15
2015/6/10,1.4,2105.2
2015/6/11,1.4,2108.86
2015/6/12,1.4,2094.11
2015/6/15,1.42,2084.43
2015/6/16,1.43,2096.29
2015/6/17,1.43,2100.44
2015/6/18,1.44,2121.24
2015/6/19,1.44,2109.99
2015/6/22,1.43,2122.85
2015/6/23,1.43,2124.2
2015/6/24,1.44,2108.58
2015/6/25,1.44,2102.31
2015/6/26,1.43,2101.49
2015/6/29,1.46,2057.64
2015/6/30,1.48,2063.11
2015/7/1,1.46,2077.42
2015/7/2,1.46,2076.78
2015/7/3,1.46,
2015/7/6,1.47,2068.76
2015/7/7,1.49,2081.34
2015/7/8,1.5,2046.68
2015/7/9,1.5,2051.31
2015/7/10,1.49,2076.62
2015/7/13,1.48,2099.6
2015/7/14,1.49,2108.95
2015/7/15,1.5,2107.4
2015/7/16,1.5,2124.29
2015/7/17,1.5,2126.64
2015/7/20,1.5,2128.28
2015/7/21,1.51,2119.21
2015/7/22,1.52,2114.15
2015/7/23,1.53,2102.15
2015/7/24,1.54,2079.65
2015/7/27,1.55,2067.64
2015/7/28,1.56,2093.25
2015/7/29,1.56,2108.57
2015/7/30,1.56,2108.63
2015/7/31,1.58,2103.84
2015/8/3,1.58,2098.04
2015/8/4,1.58,2093.32
2015/8/5,1.58,2099.84
2015/8/6,1.59,2083.56
2015/8/7,1.6,2077.57
2015/8/10,1.61,2104.18
2015/8/11,1.62,2084.07
2015/8/12,1.64,2086.05
2015/8/13,1.64,2083.39
2015/8/14,1.64,2091.54
2015/8/17,1.64,2102.44
2015/8/18,1.64,2096.92
2015/8/19,1.66,2079.61
2015/8/20,1.67,2035.73
2015/8/21,1.69,1970.89
2015/8/24,1.72,1893.21
2015/8/25,1.72,1867.61
2015/8/26,1.72,1940.51
2015/8/27,1.7,1987.66
2015/8/28,1.69,1988.87
2015/8/31,1.69,1972.18
2015/9/1,1.7,1913.85
2015/9/2,1.69,1948.86
2015/9/3,1.68,1951.13
2015/9/4,1.68,1921.22
2015/9/7,1.68,
2015/9/8,1.67,1969.41
2015/9/9,1.67,1942.04
2015/9/10,1.67,1952.29
2015/9/11,1.67,1961.05
2015/9/14,1.67,1953.03
2015/9/15,1.66,1978.09
2015/9/16,1.66,1995.31
2015/9/17,1.66,1990.2
2015/9/18,1.66,1958.03
2015/9/21,1.66,1966.97
2015/9/22,1.67,1942.74
2015/9/23,1.68,1938.76
2015/9/24,1.7,1932.24
2015/9/25,1.7,1931.34
2015/9/28,1.74,1881.77
2015/9/29,1.77,1884.09
2015/9/30,1.78,1920.03
2015/10/1,1.79,1923.82
2015/10/2,1.8,1951.36
2015/10/5,1.78,1987.05
2015/10/6,1.77,1979.92
2015/10/7,1.75,1995.83
2015/10/8,1.74,2013.43
2015/10/9,1.73,2014.89
2015/10/12,1.73,2017.46
2015/10/13,1.73,2003.69
2015/10/14,1.74,1994.24
2015/10/15,1.73,2023.86
2015/10/16,1.72,2033.11
2015/10/19,1.72,2033.66
2015/10/20,1.71,2030.77
2015/10/21,1.7,2018.94
2015/10/22,1.69,2052.51
2015/10/23,1.67,2075.15
2015/10/26,1.66,2071.18
2015/10/27,1.67,2065.89
2015/10/28,1.66,2090.35
2015/10/29,1.65,2089.41
2015/10/30,1.65,2079.36
2015/10/31,1.66,
2015/11/2,1.65,2104.05
2015/11/3,1.64,2109.79
2015/11/4,1.63,2102.31
2015/11/5,1.62,2099.93
2015/11/6,1.61,2099.2
2015/11/9,1.61,2078.58
2015/11/10,1.61,2081.72
2015/11/11,1.61,2075
2015/11/12,1.62,2045.97
2015/11/13,1.63,2023.04
2015/11/16,1.63,2053.19
2015/11/17,1.62,2050.44
2015/11/18,1.63,2083.58
2015/11/19,1.62,2081.24
2015/11/20,1.62,2089.17
2015/11/23,1.62,2086.59
2015/11/24,1.63,2089.14
2015/11/25,1.63,2088.87
2015/11/26,1.63,
2015/11/27,1.63,2090.11
2015/11/30,1.62,2080.41
2015/12/1,1.62,2102.63
2015/12/2,1.63,2079.51
2015/12/3,1.62,2049.62
2015/12/4,1.62,2091.69
2015/12/7,1.63,2077.07
2015/12/8,1.65,2063.59
2015/12/9,1.66,2047.62
2015/12/10,1.67,2052.23
2015/12/11,1.71,2012.37
2015/12/14,1.74,2021.94
2015/12/15,1.74,2043.41
2015/12/16,1.73,2073.07
2015/12/17,1.73,2041.89
2015/12/18,1.74,2005.55
2015/12/21,1.75,2021.15
2015/12/22,1.74,2038.97
2015/12/23,1.74,2064.29
2015/12/24,1.74,2060.99
2015/12/25,,
2015/12/28,1.74,2056.5
2015/12/29,1.73,2078.36
2015/12/30,1.72,2063.36
2015/12/31,1.73,2043.94
2016/1/1,,
2016/1/4,1.73,2012.66
2016/1/5,1.73,2016.71
2016/1/6,1.74,1990.26
2016/1/7,1.75,1943.09
2016/1/8,1.77,1922.03
2016/1/11,1.78,1923.67
2016/1/12,1.8,1938.68
2016/1/13,1.8,1890.28
2016/1/14,1.84,1921.84
2016/1/15,1.89,1880.33
2016/1/18,1.89,
2016/1/19,1.91,1881.33
2016/1/20,1.98,1859.33
2016/1/21,1.98,1868.99
2016/1/22,1.96,1906.9
2016/1/25,1.98,1877.08
2016/1/26,1.99,1903.63
2016/1/27,2,1882.95
2016/1/28,2.01,1893.36
2016/1/29,2.02,1940.24
2016/1/31,2.02,
2016/2/1,2.02,1939.38
2016/2/2,2.06,1903.03
2016/2/3,2.08,1912.53
2016/2/4,2.08,1915.45
2016/2/5,2.09,1880.05
2016/2/8,2.13,1853.44
2016/2/9,2.15,1852.21
2016/2/10,2.17,1851.86
2016/2/11,2.21,1829.08
2016/2/12,2.2,1864.78
2016/2/15,2.2,
2016/2/16,2.19,1895.58
2016/2/17,2.17,1926.82
2016/2/18,2.16,1917.83
2016/2/19,2.15,1917.78
2016/2/22,2.14,1945.5
2016/2/23,2.14,1921.27
2016/2/24,2.14,1929.8
2016/2/25,2.14,1951.7
2016/2/26,2.11,1948.05
2016/2/29,2.05,1932.23
2016/3/1,2.02,1978.35
2016/3/2,1.99,1986.45
2016/3/3,1.98,1993.4
2016/3/4,1.95,1999.99
2016/3/7,1.93,2001.76
2016/3/8,1.93,1979.26
2016/3/9,1.91,1989.26
2016/3/10,1.88,1989.57
2016/3/11,1.85,2022.19
2016/3/14,1.81,2019.64
2016/3/15,1.8,2015.93
2016/3/16,1.8,2027.22
2016/3/17,1.78,2040.59
2016/3/18,1.76,2049.58
2016/3/21,1.74,2051.6
2016/3/22,1.72,2049.8
2016/3/23,1.72,2036.71
2016/3/24,1.73,2035.94
2016/3/25,,
2016/3/28,1.73,2037.05
2016/3/29,1.73,2055.01
2016/3/30,1.72,2063.95
2016/3/31,1.7,2059.74
2016/4/1,1.69,2072.78
2016/4/4,1.68,2066.13
2016/4/5,1.69,2045.17
2016/4/6,1.69,2066.66
2016/4/7,1.7,2041.91
2016/4/8,1.7,2047.6
2016/4/11,1.69,2041.99
2016/4/12,1.68,2061.72
2016/4/13,1.66,2082.42
2016/4/14,1.64,2082.78
2016/4/15,1.64,2080.73
2016/4/18,1.63,2094.34
2016/4/19,1.61,2100.8
2016/4/20,1.58,2102.4
2016/4/21,1.56,2091.48
2016/4/22,1.55,2091.58
2016/4/25,1.54,2087.79
2016/4/26,1.53,2091.7
2016/4/27,1.53,2095.15
2016/4/28,1.52,2075.81
2016/4/29,1.52,2065.3
2016/4/30,1.52,
2016/5/2,1.52,2081.43
2016/5/3,1.53,2063.37
2016/5/4,1.54,2051.12
2016/5/5,1.55,2050.63
2016/5/6,1.56,2057.14
2016/5/9,1.56,2058.69
2016/5/10,1.56,2084.39
2016/5/11,1.57,2064.46
2016/5/12,1.56,2064.11
2016/5/13,1.57,2046.61
2016/5/16,1.56,2066.66
2016/5/17,1.56,2047.21
2016/5/18,1.55,2047.63
2016/5/19,1.56,2040.04
2016/5/20,1.56,2052.32
2016/5/23,1.56,2048.04
2016/5/24,1.55,2076.06
2016/5/25,1.55,2090.54
2016/5/26,1.54,2090.1
2016/5/27,1.54,2099.06
2016/5/30,1.54,
2016/5/31,1.54,2096.96
2016/6/1,1.54,2099.33
2016/6/2,1.54,2105.26
2016/6/3,1.56,2099.13
2016/6/6,1.55,2109.41
2016/6/7,1.54,2112.13
2016/6/8,1.54,2119.12
2016/6/9,1.54,2115.48
2016/6/10,1.56,2096.07
2016/6/13,1.57,2079.06
2016/6/14,1.59,2075.32
2016/6/15,1.6,2071.5
2016/6/16,1.61,2077.99
2016/6/17,1.6,2071.22
2016/6/20,1.58,2083.25
2016/6/21,1.57,2088.9
2016/6/22,1.56,2085.45
2016/6/23,1.54,2113.32
2016/6/24,1.61,2037.41
2016/6/27,1.64,2000.54
2016/6/28,1.63,2036.09
2016/6/29,1.62,2070.77
2016/6/30,1.62,2098.86
2016/7/1,1.61,2102.95
2016/7/4,1.61,
2016/7/5,1.61,2088.55
2016/7/6,1.6,2099.73
2016/7/7,1.59,2097.9
2016/7/8,1.57,2129.9
2016/7/11,1.55,2137.16
2016/7/12,1.52,2152.14
2016/7/13,1.52,2152.43
2016/7/14,1.5,2163.75
2016/7/15,1.49,2161.74
2016/7/18,1.49,2166.89
2016/7/19,1.48,2163.78
2016/7/20,1.48,2173.02
2016/7/21,1.48,2165.17
2016/7/22,1.47,2175.03
2016/7/25,1.46,2168.48
2016/7/26,1.47,2169.18
2016/7/27,1.48,2166.58
2016/7/28,1.49,2170.06
2016/7/29,1.5,2173.6
2016/7/31,1.5,
2016/8/1,1.5,2170.84
2016/8/2,1.5,2157.03
2016/8/3,1.51,2163.79
2016/8/4,1.51,2164.25
2016/8/5,1.49,2182.87
2016/8/8,1.47,2180.89
2016/8/9,1.47,2181.74
2016/8/10,1.46,2175.49
2016/8/11,1.45,2185.79
2016/8/12,1.45,2184.05
2016/8/15,1.44,2190.15
2016/8/16,1.43,2178.15
2016/8/17,1.42,2182.22
2016/8/18,1.42,2187.02
2016/8/19,1.4,2183.87
2016/8/22,1.41,2182.64
2016/8/23,1.4,2186.9
2016/8/24,1.4,2175.44
2016/8/25,1.39,2172.47
2016/8/26,1.38,2169.04
2016/8/29,1.38,2180.38
2016/8/30,1.38,2176.12
2016/8/31,1.39,2170.95
2016/9/1,1.39,2170.86
2016/9/2,1.39,2179.98
2016/9/5,1.39,
2016/9/6,1.4,2186.48
2016/9/7,1.4,2186.16
2016/9/8,1.4,2181.3
2016/9/9,1.4,2127.81
2016/9/12,1.42,2159.04
2016/9/13,1.42,2127.02
2016/9/14,1.43,2125.77
2016/9/15,1.43,2147.26
2016/9/16,1.43,2139.16
2016/9/19,1.42,2139.12
2016/9/20,1.42,2139.76
2016/9/21,1.42,2163.12
2016/9/22,1.41,2177.18
2016/9/23,1.41,2164.69
2016/9/26,1.42,2146.1
2016/9/27,1.43,2159.93
2016/9/28,1.43,2171.37
2016/9/29,1.43,2151.13
2016/9/30,1.43,2168.27
2016/10/3,1.42,2161.2
2016/10/4,1.41,2150.49
2016/10/5,1.4,2159.73
2016/10/6,1.39,2160.77
2016/10/7,1.38,2153.74
2016/10/10,1.38,2163.66
2016/10/11,1.37,2136.73
2016/10/12,1.37,2139.18
2016/10/13,1.37,2132.55
2016/10/14,1.36,2132.98
2016/10/17,1.37,2126.5
2016/10/18,1.36,2139.6
2016/10/19,1.35,2144.29
2016/10/20,1.35,2141.34
2016/10/21,1.35,2141.16
2016/10/24,1.35,2151.33
2016/10/25,1.35,2143.16
2016/10/26,1.36,2139.43
2016/10/27,1.36,2133.04
2016/10/28,1.37,2126.41
2016/10/31,1.38,2126.15
2016/11/1,1.39,2111.72
2016/11/2,1.4,2097.94
2016/11/3,1.41,2088.66
2016/11/4,1.41,2085.18
2016/11/7,1.4,2131.52
2016/11/8,1.39,2139.56
2016/11/9,1.37,2163.26
2016/11/10,1.36,2167.48
2016/11/11,1.36,2164.45
2016/11/14,1.36,2164.2
2016/11/15,1.35,2180.39
2016/11/16,1.35,2176.94
2016/11/17,1.35,2187.12
2016/11/18,1.36,2181.9
2016/11/21,1.36,2198.18
2016/11/22,1.37,2202.94
2016/11/23,1.36,2204.72
2016/11/24,1.36,
2016/11/25,1.36,2213.35
2016/11/28,1.36,2201.72
2016/11/29,1.36,2204.66
2016/11/30,1.36,2198.81
2016/12/1,1.35,2191.08
2016/12/2,1.35,2191.95
2016/12/5,1.35,2204.71
2016/12/6,1.34,2212.23
2016/12/7,1.34,2241.35
2016/12/8,1.33,2246.19
2016/12/9,1.33,2259.53
2016/12/12,1.32,2256.96
2016/12/13,1.31,2271.72
2016/12/14,1.3,2253.28
2016/12/15,1.3,2262.03
2016/12/16,1.3,2258.07
2016/12/19,1.3,2262.53
2016/12/20,1.29,2270.76
2016/12/21,1.29,2265.18
2016/12/22,1.29,2260.96
2016/12/23,1.29,2263.79
2016/12/26,,
2016/12/27,1.28,2268.88
2016/12/28,1.28,2249.92
2016/12/29,1.28,2249.26
2016/12/30,1.29,2238.83
2016/12/31,1.3,
2017/1/2,,
2017/1/3,1.28,2257.83
2017/1/4,1.28,2270.75
2017/1/5,1.29,2269
2017/1/6,1.28,2276.98
2017/1/9,1.29,2268.9
2017/1/10,1.29,2268.9
2017/1/11,1.29,2275.32
2017/1/12,1.29,2270.44
2017/1/13,1.28,2274.64
2017/1/16,1.28,
2017/1/17,1.28,2267.89
2017/1/18,1.29,2271.89
2017/1/19,1.28,2263.69
2017/1/20,1.28,2271.31
2017/1/23,1.28,2265.2
2017/1/24,1.27,2280.07
2017/1/25,1.27,2298.37
2017/1/26,1.26,2296.68
2017/1/27,1.26,2294.69
2017/1/30,1.26,2280.9
2017/1/31,1.28,2278.87
2017/2/1,1.28,2279.55
2017/2/2,1.28,2280.85
2017/2/3,1.27,2297.42
2017/2/6,1.27,2292.56
2017/2/7,1.28,2293.08
2017/2/8,1.28,2294.67
2017/2/9,1.28,2307.87
2017/2/10,1.27,2316.1
2017/2/13,1.26,2328.25
2017/2/14,1.24,2337.58
2017/2/15,1.23,2349.25
2017/2/16,1.24,2347.22
2017/2/17,1.24,2351.16
2017/2/20,1.24,
2017/2/21,1.24,2365.38
2017/2/22,1.23,2362.82
2017/2/23,1.23,2363.81
2017/2/24,1.23,2367.34
2017/2/27,1.22,2369.75
2017/2/28,1.21,2363.64
2017/3/1,1.19,2395.96
2017/3/2,1.18,2381.92
2017/3/3,1.18,2383.12
2017/3/6,1.18,2375.31
2017/3/7,1.19,2368.39
2017/3/8,1.19,2362.98
2017/3/9,1.21,2364.87
2017/3/10,1.21,2372.6
2017/3/13,1.21,2373.47
2017/3/14,1.22,2365.45
2017/3/15,1.23,2385.26
2017/3/16,1.22,2381.38
2017/3/17,1.22,2378.25
2017/3/20,1.22,2373.47
2017/3/21,1.22,2344.02
2017/3/22,1.23,2348.45
2017/3/23,1.23,2345.96
2017/3/24,1.23,2343.98
2017/3/27,1.23,2341.59
2017/3/28,1.22,2358.57
2017/3/29,1.22,2361.13
2017/3/30,1.22,2368.06
2017/3/31,1.24,2362.72
2017/4/3,1.24,2358.84
2017/4/4,1.24,2360.16
2017/4/5,1.24,2352.95
2017/4/6,1.24,2357.49
2017/4/7,1.23,2355.54
2017/4/10,1.23,2357.16
2017/4/11,1.24,2353.78
2017/4/12,1.24,2344.93
2017/4/13,1.25,2328.95
2017/4/14,,
2017/4/17,1.24,2349.01
2017/4/18,1.25,2342.19
2017/4/19,1.25,2338.17
2017/4/20,1.25,2355.84
2017/4/21,1.25,2348.69
2017/4/24,1.24,2374.15
2017/4/25,1.23,2388.61
2017/4/26,1.23,2387.45
2017/4/27,1.22,2388.77
2017/4/28,1.22,2384.2
2017/4/30,1.23,
2017/5/1,1.23,2388.33
2017/5/2,1.22,2391.17
2017/5/3,1.22,2388.13
2017/5/4,1.21,2389.52
2017/5/5,1.21,2399.29
2017/5/8,1.2,2399.38
2017/5/9,1.19,2396.92
2017/5/10,1.19,2399.63
2017/5/11,1.18,2394.44
2017/5/12,1.18,2390.9
2017/5/15,1.17,2402.32
2017/5/16,1.17,2400.67
2017/5/17,1.18,2357.03
2017/5/18,1.19,2365.72
2017/5/19,1.18,2381.73
2017/5/22,1.18,2394.02
2017/5/23,1.17,2398.42
2017/5/24,1.18,2404.39
2017/5/25,1.18,2415.07
2017/5/26,1.18,2415.82
2017/5/29,1.17,
2017/5/30,1.18,2412.91
2017/5/31,1.19,2411.8
2017/6/1,1.19,2430.06
2017/6/2,1.19,2439.07
2017/6/5,1.19,2436.1
2017/6/6,1.19,2429.33
2017/6/7,1.19,2433.14
2017/6/8,1.19,2433.79
2017/6/9,1.19,2431.77
2017/6/12,1.18,2429.39
2017/6/13,1.18,2440.35
2017/6/14,1.18,2437.92
2017/6/15,1.18,2432.46
2017/6/16,1.18,2433.15
2017/6/19,1.17,2453.46
2017/6/20,1.17,2437.03
2017/6/21,1.17,2435.61
2017/6/22,1.18,2434.5
2017/6/23,1.18,2438.3
2017/6/26,1.17,2439.07
2017/6/27,1.16,2419.38
2017/6/28,1.16,2440.69
2017/6/29,1.15,2419.7
2017/6/30,1.15,2423.41
2017/7/3,1.14,2429.01
2017/7/4,1.14,
2017/7/5,1.14,2432.54
2017/7/6,1.13,2409.75
2017/7/7,1.12,2425.18
2017/7/10,1.12,2427.43
2017/7/11,1.12,2425.53
2017/7/12,1.12,2443.25
2017/7/13,1.11,2447.83
2017/7/14,1.11,2459.27
2017/7/17,1.1,2459.14
2017/7/18,1.1,2460.61
2017/7/19,1.1,2473.83
2017/7/20,1.1,2473.45
2017/7/21,1.1,2472.54
2017/7/24,1.09,2469.91
2017/7/25,1.08,2477.13
2017/7/26,1.08,2477.83
2017/7/27,1.08,2475.42
2017/7/28,1.08,2472.1
2017/7/31,1.09,2470.3
2017/8/1,1.08,2476.35
2017/8/2,1.08,2477.57
2017/8/3,1.09,2472.16
2017/8/4,1.09,2476.83
2017/8/7,1.1,2480.91
2017/8/8,1.1,2474.92
2017/8/9,1.12,2474.02
2017/8/10,1.14,2438.21
2017/8/11,1.16,2441.32
2017/8/14,1.15,2465.84
2017/8/15,1.14,2464.61
2017/8/16,1.14,2468.11
2017/8/17,1.14,2430.01
2017/8/18,1.15,2425.55
2017/8/21,1.15,2428.37
2017/8/22,1.15,2452.51
2017/8/23,1.15,2444.04
2017/8/24,1.15,2438.97
2017/8/25,1.14,2443.05
2017/8/28,1.14,2444.24
2017/8/29,1.15,2446.3
2017/8/30,1.15,2457.59
2017/8/31,1.16,2471.65
2017/9/1,1.15,2476.55
2017/9/4,1.15,
2017/9/5,1.16,2457.85
2017/9/6,1.16,2465.54
2017/9/7,1.17,2465.1
2017/9/8,1.17,2461.43
2017/9/11,1.17,2488.11
2017/9/12,1.16,2496.48
2017/9/13,1.15,2498.37
2017/9/14,1.15,2495.62
2017/9/15,1.14,2500.23
2017/9/18,1.13,2503.87
2017/9/19,1.12,2506.65
2017/9/20,1.11,2508.24
2017/9/21,1.11,2500.6
2017/9/22,1.11,2502.22
2017/9/25,1.11,2496.66
2017/9/26,1.1,2496.84
2017/9/27,1.09,2507.04
2017/9/28,1.08,2510.06
2017/9/29,1.06,2519.36
2017/9/30,1.07,
2017/10/2,1.06,2529.12
2017/10/3,1.05,2534.58
2017/10/4,1.04,2537.74
2017/10/5,1.04,2552.07
2017/10/6,1.04,2549.33
2017/10/9,1.03,2544.73
2017/10/10,1.03,2550.64
2017/10/11,1.03,2555.24
2017/10/12,1.03,2550.93
2017/10/13,1.04,2553.17
2017/10/16,1.03,2557.64
2017/10/17,1.03,2559.36
2017/10/18,1.02,2561.26
2017/10/19,1.02,2562.1
2017/10/20,1.01,2575.21
2017/10/23,1.01,2564.98
2017/10/24,1,2569.13
2017/10/25,1,2557.15
2017/10/26,1,2560.4
2017/10/27,1,2581.07
2017/10/30,1,2572.83
2017/10/31,1.01,2575.26
2017/11/1,1.01,2579.36
2017/11/2,1.02,2579.85
2017/11/3,1.02,2587.84
2017/11/6,1.03,2591.13
2017/11/7,1.04,2590.64
2017/11/8,1.04,2594.38
2017/11/9,1.05,2584.62
2017/11/10,1.06,2582.3
2017/11/13,1.05,2584.84
2017/11/14,1.06,2578.87
2017/11/15,1.08,2564.62
2017/11/16,1.07,2585.64
2017/11/17,1.06,2578.85
2017/11/20,1.06,2582.14
2017/11/21,1.05,2599.03
2017/11/22,1.05,2597.08
2017/11/23,1.05,
2017/11/24,1.04,2602.42
2017/11/27,1.04,2601.42
2017/11/28,1.04,2627.04
2017/11/29,1.03,2626.07
2017/11/30,1.03,2647.58
2017/12/1,1.03,2642.22
2017/12/4,1.02,2639.44
2017/12/5,1.02,2629.57
2017/12/6,1.02,2629.27
2017/12/7,1.02,2636.98
2017/12/8,1.02,2651.5
2017/12/11,1.02,2659.99
2017/12/12,1.01,2664.11
2017/12/13,1.01,2662.85
2017/12/14,1.01,2652.01
2017/12/15,1,2675.81
2017/12/18,1,2690.16
2017/12/19,0.99,2681.47
2017/12/20,0.99,2679.25
2017/12/21,0.99,2684.57
2017/12/22,0.99,2683.34
2017/12/25,,
2017/12/26,0.99,2680.5
2017/12/27,0.99,2682.62
2017/12/28,0.98,2687.54
2017/12/29,0.98,2673.61
2017/12/31,0.99,
2018/1/1,,
2018/1/2,0.98,2695.81
2018/1/3,0.99,2713.06
2018/1/4,0.98,2723.99
2018/1/5,0.98,2743.15
2018/1/8,0.97,2747.71
2018/1/9,0.96,2751.29
2018/1/10,0.95,2748.23
2018/1/11,0.95,2767.56
2018/1/12,0.95,2786.24
2018/1/15,0.94,
2018/1/16,0.94,2776.42
2018/1/17,0.94,2802.56
2018/1/18,0.94,2798.03
2018/1/19,0.95,2810.3
2018/1/22,0.94,2832.97
2018/1/23,0.94,2839.13
2018/1/24,0.94,2837.54
2018/1/25,0.93,2839.25
2018/1/26,0.92,2872.87
2018/1/29,0.92,2853.53
2018/1/30,0.91,2822.43
2018/1/31,0.91,2823.81
2018/2/1,0.9,2821.98
2018/2/2,0.9,2762.13
2018/2/5,0.91,2648.94
2018/2/6,0.93,2695.14
2018/2/7,0.92,2681.66
2018/2/8,0.93,2581
2018/2/9,0.97,2619.55
2018/2/12,0.97,2656
2018/2/13,1,2662.94
2018/2/14,0.99,2698.63
2018/2/15,0.98,2731.2
2018/2/16,0.98,2732.22
2018/2/19,0.98,
2018/2/20,0.98,2716.26
2018/2/21,0.98,2701.33
2018/2/22,0.99,2703.96
2018/2/23,1,2747.3
2018/2/26,1,2779.6
2018/2/27,1,2744.28
2018/2/28,1.01,2713.83
2018/3/1,1.04,2677.67
2018/3/2,1.05,2691.25
2018/3/5,1.05,2720.94
2018/3/6,1.04,2728.12
2018/3/7,1.05,2726.8
2018/3/8,1.05,2738.97
2018/3/9,1.06,2786.57
2018/3/12,1.07,2783.02
2018/3/13,1.08,2765.31
2018/3/14,1.09,2749.48
2018/3/15,1.1,2747.33
2018/3/16,1.1,2752.01
2018/3/19,1.1,2712.92
2018/3/20,1.11,2716.94
2018/3/21,1.11,2711.93
2018/3/22,1.14,2643.69
2018/3/23,1.15,2588.26
2018/3/26,1.16,2658.55
2018/3/27,1.16,2612.62
2018/3/28,1.16,2605
2018/3/29,1.16,2640.87
2018/3/30,,
2018/3/31,1.17,
2018/4/2,1.17,2581.88
2018/4/3,1.16,2614.45
2018/4/4,1.16,2644.69
2018/4/5,1.14,2662.84
2018/4/6,1.14,2604.47
2018/4/9,1.14,2613.16
2018/4/10,1.13,2656.87
2018/4/11,1.13,2642.19
2018/4/12,1.12,2663.99
2018/4/13,1.11,2656.3
2018/4/16,1.11,2677.84
2018/4/17,1.1,2706.39
2018/4/18,1.1,2708.64
2018/4/19,1.1,2693.13
2018/4/20,1.1,2670.14
2018/4/23,1.11,2670.29
2018/4/24,1.11,2634.56
2018/4/25,1.11,2639.4
2018/4/26,1.12,2666.94
2018/4/27,1.12,2669.91
2018/4/30,1.14,2648.05
2018/5/1,1.15,2654.8
2018/5/2,1.15,2635.67
2018/5/3,1.16,2629.73
2018/5/4,1.17,2663.42
2018/5/7,1.17,2672.63
2018/5/8,1.17,2671.92
2018/5/9,1.17,2697.79
2018/5/10,1.16,2723.07
2018/5/11,1.15,2727.72
2018/5/14,1.14,2730.13
2018/5/15,1.14,2711.45
2018/5/16,1.14,2722.46
2018/5/17,1.14,2720.13
2018/5/18,1.14,2712.97
2018/5/21,1.14,2733.01
2018/5/22,1.14,2724.44
2018/5/23,1.15,2733.29
2018/5/24,1.15,2727.76
2018/5/25,1.16,2721.33
2018/5/28,1.16,
2018/5/29,1.2,2689.86
2018/5/30,1.2,2724.01
2018/5/31,1.22,2705.27
2018/6/1,1.21,2734.62
2018/6/4,1.2,2746.87
2018/6/5,1.21,2748.8
2018/6/6,1.21,2772.35
2018/6/7,1.21,2770.37
2018/6/8,1.22,2779.03
2018/6/11,1.22,2782
2018/6/12,1.22,2786.85
2018/6/13,1.21,2775.63
2018/6/14,1.21,2782.49
2018/6/15,1.21,2779.66
2018/6/18,1.22,2773.75
2018/6/19,1.24,2762.59
2018/6/20,1.24,2767.32
2018/6/21,1.27,2749.76
2018/6/22,1.27,2754.88
2018/6/25,1.29,2717.07
2018/6/26,1.29,2723.06
2018/6/27,1.29,2699.63
2018/6/28,1.3,2716.31
2018/6/29,1.29,2718.37
2018/6/30,1.3,
2018/7/2,1.3,2726.71
2018/7/3,1.3,2713.22
2018/7/4,1.3,
2018/7/5,1.29,2736.61
2018/7/6,1.28,2759.82
2018/7/9,1.27,2784.17
2018/7/10,1.25,2793.84
2018/7/11,1.25,2774.02
2018/7/12,1.25,2798.29
2018/7/13,1.24,2801.31
2018/7/16,1.23,2798.43
2018/7/17,1.23,2809.55
2018/7/18,1.23,2815.62
2018/7/19,1.23,2804.49
2018/7/20,1.22,2801.83
2018/7/23,1.21,2806.98
2018/7/24,1.2,2820.4
2018/7/25,1.19,2846.07
2018/7/26,1.17,2837.44
2018/7/27,1.16,2818.82
2018/7/30,1.16,2802.6
2018/7/31,1.16,2816.29
2018/8/1,1.16,2813.36
2018/8/2,1.16,2827.22
2018/8/3,1.15,2840.35
2018/8/6,1.15,2850.4
2018/8/7,1.14,2858.45
2018/8/8,1.15,2857.7
2018/8/9,1.16,2853.58
2018/8/10,1.18,2833.28
2018/8/13,1.19,2821.93
2018/8/14,1.19,2839.96
2018/8/15,1.2,2818.37
2018/8/16,1.19,2840.69
2018/8/17,1.18,2850.13
2018/8/20,1.19,2857.05
2018/8/21,1.18,2862.96
2018/8/22,1.19,2861.82
2018/8/23,1.19,2856.98
2018/8/24,1.19,2874.69
2018/8/27,1.19,2896.74
2018/8/28,1.18,2897.52
2018/8/29,1.18,2914.04
2018/8/30,1.19,2901.13
2018/8/31,1.21,2901.52
2018/9/3,1.21,
2018/9/4,1.21,2896.72
2018/9/5,1.21,2888.6
2018/9/6,1.21,2878.05
2018/9/7,1.2,2871.68
2018/9/10,1.2,2877.13
2018/9/11,1.19,2887.89
2018/9/12,1.18,2888.92
2018/9/13,1.17,2904.18
2018/9/14,1.16,2904.98
2018/9/17,1.15,2888.8
2018/9/18,1.15,2904.31
2018/9/19,1.14,2907.95
2018/9/20,1.13,2930.75
2018/9/21,1.13,2929.67
2018/9/24,1.13,2919.37
2018/9/25,1.12,2915.56
2018/9/26,1.12,2905.97
2018/9/27,1.12,2914
2018/9/28,1.11,2913.98
2018/9/30,1.13,
2018/10/1,1.13,2924.59
2018/10/2,1.13,2923.43
2018/10/3,1.11,2925.51
2018/10/4,1.12,2901.61
2018/10/5,1.13,2885.57
2018/10/8,1.13,2884.43
2018/10/9,1.13,2880.34
2018/10/10,1.13,2785.68
2018/10/11,1.16,2728.37
2018/10/12,1.16,2767.13
2018/10/15,1.15,2750.79
2018/10/16,1.16,2809.92
2018/10/17,1.16,2809.21
2018/10/18,1.17,2768.78
2018/10/19,1.17,2767.78
2018/10/22,1.18,2755.88
2018/10/23,1.2,2740.69
2018/10/24,1.19,2656.1
2018/10/25,1.22,2705.57
2018/10/26,1.23,2658.69
2018/10/29,1.23,2641.25
2018/10/30,1.25,2682.63
2018/10/31,1.25,2711.74
2018/11/1,1.26,2740.37
2018/11/2,1.24,2723.06
2018/11/5,1.25,2738.31
2018/11/6,1.23,2755.45
2018/11/7,1.22,2813.89
2018/11/8,1.22,2806.83
2018/11/9,1.23,2781.01
2018/11/12,1.23,2726.22
2018/11/13,1.26,2722.18
2018/11/14,1.29,2701.58
2018/11/15,1.33,2730.2
2018/11/16,1.34,2736.27
2018/11/19,1.36,2690.73
2018/11/20,1.39,2641.89
2018/11/21,1.38,2649.93
2018/11/22,1.38,
2018/11/23,1.38,2632.56
2018/11/26,1.38,2673.45
2018/11/27,1.4,2682.17
2018/11/28,1.41,2743.79
2018/11/29,1.42,2737.76
2018/11/30,1.45,2760.17
2018/12/3,1.44,2790.37
2018/12/4,1.46,2700.06
2018/12/5,1.46,
2018/12/6,1.51,2695.95
2018/12/7,1.51,2633.08
2018/12/10,1.52,2637.72
2018/12/11,1.51,2636.78
2018/12/12,1.5,2651.07
2018/12/13,1.48,2650.54
2018/12/14,1.48,2599.95
2018/12/17,1.48,2545.94
2018/12/18,1.49,2546.16
2018/12/19,1.49,2506.96
2018/12/20,1.52,2467.42
2018/12/21,1.54,2416.62
2018/12/24,1.55,2351.1
2018/12/25,,
2018/12/26,1.56,2467.7
2018/12/27,1.57,2488.83
2018/12/28,1.58,2485.74
2018/12/31,1.59,2506.85
2019/1/1,,
2019/1/2,1.6,2510.03
2019/1/3,1.63,2447.89
2019/1/4,1.62,2531.94
2019/1/7,1.6,2549.69
2019/1/8,1.58,2574.41
2019/1/9,1.56,2584.96
2019/1/10,1.55,2596.64
2019/1/11,1.54,2596.26
2019/1/14,1.54,2582.61
2019/1/15,1.54,2610.3
2019/1/16,1.52,2616.1
2019/1/17,1.5,2635.96
2019/1/18,1.46,2670.71
2019/1/21,1.46,
2019/1/22,1.46,2632.9
2019/1/23,1.44,2638.7
2019/1/24,1.43,2642.33
2019/1/25,1.4,2664.76
2019/1/28,1.4,2643.85
2019/1/29,1.39,2640
2019/1/30,1.39,2681.05
2019/1/31,1.38,2704.1
2019/2/1,1.36,2706.53
2019/2/4,1.34,2724.87
2019/2/5,1.33,2737.7
2019/2/6,1.32,2731.61
2019/2/7,1.34,2706.05
2019/2/8,1.34,2707.88
2019/2/11,1.34,2709.8
2019/2/12,1.33,2744.73
2019/2/13,1.32,2753.03
2019/2/14,1.33,2745.73
2019/2/15,1.32,2775.6
2019/2/18,1.32,
2019/2/19,1.32,2779.76
2019/2/20,1.32,2784.7
2019/2/21,1.32,2774.88
2019/2/22,1.32,2792.67
2019/2/25,1.31,2796.11
2019/2/26,1.31,2793.9
2019/2/27,1.3,2792.38
2019/2/28,1.29,2784.49
2019/3/1,1.28,2803.69
2019/3/4,1.27,2792.81
2019/3/5,1.27,2789.65
2019/3/6,1.28,2771.45
2019/3/7,1.29,2748.93
2019/3/8,1.29,2743.07
2019/3/11,1.29,2783.3
2019/3/12,1.28,2791.52
2019/3/13,1.28,2810.92
2019/3/14,1.27,2808.48
2019/3/15,1.26,2822.48
2019/3/18,1.26,2832.94
2019/3/19,1.25,2832.57
2019/3/20,1.26,2824.23
2019/3/21,1.25,2854.88
2019/3/22,1.25,2800.71
2019/3/25,1.25,2798.36
2019/3/26,1.25,2818.46
2019/3/27,1.25,2805.37
2019/3/28,1.25,2815.44
2019/3/29,1.25,2834.4
2019/3/31,1.27,
2019/4/1,1.25,2867.19
2019/4/2,1.25,2867.24
2019/4/3,1.24,2873.4
2019/4/4,1.24,2879.39
2019/4/5,1.23,2892.74
2019/4/8,1.22,2895.77
2019/4/9,1.22,2878.2
2019/4/10,1.21,2888.21
2019/4/11,1.2,2888.32
2019/4/12,1.18,2907.41
2019/4/15,1.17,2905.58
2019/4/16,1.16,2907.06
2019/4/17,1.16,2900.45
2019/4/18,1.17,2905.03
2019/4/19,,
2019/4/22,1.17,2907.97
2019/4/23,1.17,2933.68
2019/4/24,1.17,2927.25
2019/4/25,1.17,2926.17
2019/4/26,1.17,2939.88
2019/4/29,1.16,2943.03
2019/4/30,1.17,2945.83
2019/5/1,1.17,2923.73
2019/5/2,1.18,2917.52
2019/5/3,1.18,2945.64
2019/5/6,1.18,2932.47
2019/5/7,1.19,2884.05
2019/5/8,1.2,2879.42
2019/5/9,1.22,2870.72
2019/5/10,1.22,2881.4
2019/5/13,1.24,2811.87
2019/5/14,1.24,2834.41
2019/5/15,1.24,2850.96
2019/5/16,1.24,2876.32
2019/5/17,1.24,2859.53
2019/5/20,1.24,2840.23
2019/5/21,1.24,2864.36
2019/5/22,1.25,2856.27
2019/5/23,1.28,2822.24
2019/5/24,1.27,2826.06
2019/5/27,1.27,
2019/5/28,1.29,2802.39
2019/5/29,1.32,2783.02
2019/5/30,1.31,2788.86
2019/5/31,1.35,2752.06
2019/6/3,1.36,2744.45
2019/6/4,1.35,2803.27
2019/6/5,1.34,2826.15
2019/6/6,1.34,2843.49
2019/6/7,1.34,2873.34
2019/6/10,1.32,2886.73
2019/6/11,1.32,2885.72
2019/6/12,1.32,2879.84
2019/6/13,1.32,2891.64
2019/6/14,1.32,2886.98
2019/6/17,1.32,2889.67
2019/6/18,1.3,2917.75
2019/6/19,1.3,2926.46
2019/6/20,1.28,2954.18
2019/6/21,1.25,2950.46
2019/6/24,1.23,2945.35
2019/6/25,1.24,2917.38
2019/6/26,1.23,2913.78
2019/6/27,1.23,2924.92
2019/6/28,1.22,2941.76
2019/6/30,1.22,
2019/7/1,1.21,2964.33
2019/7/2,1.2,2973.01
2019/7/3,1.2,2995.82
2019/7/4,1.2,
2019/7/5,1.19,2990.41
2019/7/8,1.19,2975.95
2019/7/9,1.2,2979.63
2019/7/10,1.2,2993.07
2019/7/11,1.19,2999.91
2019/7/12,1.18,3013.77
2019/7/15,1.18,3014.3
2019/7/16,1.18,3004.04
2019/7/17,1.18,2984.42
2019/7/18,1.19,2995.11
2019/7/19,1.18,2976.61
2019/7/22,1.17,2985.03
2019/7/23,1.16,3005.47
2019/7/24,1.16,3019.56
2019/7/25,1.15,3003.67
2019/7/26,1.14,3025.86
2019/7/29,1.13,3020.97
2019/7/30,1.14,3013.18
2019/7/31,1.14,2980.38
2019/8/1,1.17,2953.56
2019/8/2,1.19,2932.05
2019/8/5,1.24,2844.74
2019/8/6,1.25,2881.77
2019/8/7,1.27,2883.98
2019/8/8,1.26,2938.09
2019/8/9,1.26,2918.65
2019/8/12,1.27,2883.75
2019/8/13,1.26,2926.32
2019/8/14,1.29,2840.6
2019/8/15,1.31,2847.6
2019/8/16,1.31,2888.68
2019/8/19,1.29,2923.65
2019/8/20,1.28,2900.51
2019/8/21,1.26,2924.43
2019/8/22,1.25,2922.95
2019/8/23,1.25,2847.11
2019/8/26,1.25,2878.38
2019/8/27,1.25,2869.16
2019/8/28,1.26,2887.94
2019/8/29,1.26,2924.58
2019/8/30,1.25,2926.46
2019/8/31,1.26,
2019/9/2,1.26,
2019/9/3,1.27,2906.27
2019/9/4,1.27,2937.78
2019/9/5,1.26,2976
2019/9/6,1.26,2978.71
2019/9/9,1.25,2978.43
2019/9/10,1.25,2979.39
2019/9/11,1.24,3000.93
2019/9/12,1.22,3009.57
2019/9/13,1.21,3007.39
2019/9/16,1.21,2997.96
2019/9/17,1.21,3005.7
2019/9/18,1.2,3006.73
2019/9/19,1.19,3006.79
2019/9/20,1.19,2992.07
2019/9/23,1.19,2991.78
2019/9/24,1.2,2966.6
2019/9/25,1.2,2984.87
2019/9/26,1.2,2977.62
2019/9/27,1.21,2961.79
2019/9/30,1.22,2976.74
2019/10/1,1.22,2940.25
2019/10/2,1.25,2887.61
2019/10/3,1.26,2910.63
2019/10/4,1.26,2952.01
2019/10/7,1.25,2938.79
2019/10/8,1.26,2893.06
2019/10/9,1.25,2919.4
2019/10/10,1.25,2938.13
2019/10/11,1.22,2970.27
2019/10/14,1.22,2966.15
2019/10/15,1.2,2995.68
2019/10/16,1.2,2989.69
2019/10/17,1.19,2997.95
2019/10/18,1.18,2986.2
2019/10/21,1.17,3006.72
2019/10/22,1.16,2995.99
2019/10/23,1.17,3004.52
2019/10/24,1.16,3010.29
2019/10/25,1.14,3022.55
2019/10/28,1.13,3039.42
2019/10/29,1.13,3036.89
2019/10/30,1.14,3046.77
2019/10/31,1.17,3037.56
2019/11/1,1.16,3066.91
2019/11/4,1.15,3078.27
2019/11/5,1.13,3074.62
2019/11/6,1.13,3076.78
2019/11/7,1.11,3085.18
2019/11/8,1.11,3093.08
2019/11/11,1.11,3087.01
2019/11/12,1.11,3091.84
2019/11/13,1.12,3094.04
2019/11/14,1.13,3096.63
2019/11/15,1.12,3120.46
2019/11/18,1.12,3122.03
2019/11/19,1.12,3120.18
2019/11/20,1.13,3108.46
2019/11/21,1.14,3103.54
2019/11/22,1.13,3110.29
2019/11/25,1.12,3133.64
2019/11/26,1.12,3140.52
2019/11/27,1.11,3153.63
2019/11/28,,
2019/11/29,1.11,3140.98
2019/11/30,1.11,
2019/12/2,1.11,3113.87
2019/12/3,1.13,3093.2
2019/12/4,1.11,3112.76
2019/12/5,1.1,3117.43
2019/12/6,1.09,3145.91
2019/12/9,1.08,3135.96
2019/12/10,1.07,3132.52
2019/12/11,1.07,3141.63
2019/12/12,1.06,3168.57
2019/12/13,1.05,3168.8
2019/12/16,1.04,3191.45
2019/12/17,1.03,3192.52
2019/12/18,1.02,3191.14
2019/12/19,1.01,3205.37
2019/12/20,1.01,3221.22
2019/12/23,1.01,3224.01
2019/12/24,1,3223.38
2019/12/25,,
2019/12/26,1,3239.91
2019/12/27,1,3240.02
2019/12/30,1,3221.29
2019/12/31,1.01,3230.78
2020/1/1,,
2020/1/2,1.01,3257.85
2020/1/3,1.03,3234.85
2020/1/6,1.03,3246.28
2020/1/7,1.04,3237.18
2020/1/8,1.03,3253.05
2020/1/9,1.02,3274.7
2020/1/10,1.01,3265.35
2020/1/13,1.01,3288.13
2020/1/14,1.02,3283.15
2020/1/15,1.02,3289.29
2020/1/16,1.01,3316.81
2020/1/17,0.99,3329.62
2020/1/20,0.99,
2020/1/21,0.99,3320.79
2020/1/22,0.99,3321.75
2020/1/23,1,3325.54
2020/1/24,1.01,3295.47
2020/1/27,1.04,3243.63
2020/1/28,1.04,3276.24
2020/1/29,1.04,3273.4
2020/1/30,1.06,3283.66
2020/1/31,1.09,3225.52
2020/2/3,1.08,3248.92
2020/2/4,1.06,3297.59
2020/2/5,1.05,3334.69
2020/2/6,1.03,3345.78
2020/2/7,1.04,3327.71
2020/2/10,1.04,3352.09
2020/2/11,1.04,3357.75
2020/2/12,1.02,3379.45
2020/2/13,1.02,3373.94
2020/2/14,1.02,3380.16
2020/2/17,1.02,
2020/2/18,1.02,3370.29
2020/2/19,1.02,3386.15
2020/2/20,1.04,3373.23
2020/2/21,1.05,3337.75
2020/2/24,1.1,3225.89
2020/2/25,1.13,3128.21
2020/2/26,1.15,3116.39
2020/2/27,1.21,2978.76
2020/2/28,1.31,2954.22
2020/2/29,1.3,
2020/3/2,1.33,3090.23
2020/3/3,1.32,3003.37
2020/3/4,1.32,3130.12
2020/3/5,1.35,3023.94
2020/3/6,1.49,2972.37
2020/3/9,1.88,2746.56
2020/3/10,1.87,2882.23
2020/3/11,1.96,2741.38
2020/3/12,2.22,2480.64
2020/3/13,2.29,2711.02
2020/3/16,2.55,2386.13
2020/3/17,2.72,2529.19
2020/3/18,3.03,2398.1
2020/3/19,3.51,2409.39
2020/3/20,3.87,2304.92
2020/3/23,4.01,2237.4
2020/3/24,3.82,2447.33
2020/3/25,3.54,2475.56
2020/3/26,3.33,2630.07
2020/3/27,3.24,2541.47
2020/3/30,3.15,2626.65
2020/3/31,3.05,2584.59
2020/4/1,3.05,2470.5
2020/4/2,3.06,2526.9
2020/4/3,3.08,2488.65
2020/4/6,3.03,2663.68
2020/4/7,2.92,2659.41
2020/4/8,2.83,2749.98
2020/4/9,2.61,2789.82
2020/4/10,,
2020/4/13,2.46,2761.63
2020/4/14,2.35,2846.06
2020/4/15,2.38,2783.36
2020/4/16,2.36,2799.55
2020/4/17,2.34,2874.56
2020/4/20,2.36,2823.16
2020/4/21,2.41,2736.56
2020/4/22,2.39,2799.31
2020/4/23,2.36,2797.8
2020/4/24,2.36,2836.74
2020/4/27,2.34,2878.48
2020/4/28,2.34,2863.39
2020/4/29,2.31,2939.51
2020/4/30,2.17,2912.43
2020/5/1,2.18,2830.71
2020/5/4,2.2,2842.74
2020/5/5,2.18,2868.44
2020/5/6,2.18,2848.42
2020/5/7,2.21,2881.19
2020/5/8,2.22,2929.8
2020/5/11,2.23,2930.32
2020/5/12,2.22,2870.12
2020/5/13,2.21,2820
2020/5/14,2.21,2852.5
2020/5/15,2.2,2863.7
2020/5/18,2.12,2953.91
2020/5/19,2.06,2922.94
2020/5/20,2.01,2971.61
2020/5/21,1.98,2948.51
2020/5/22,1.97,2955.45
2020/5/25,1.96,
2020/5/26,1.92,2991.77
2020/5/27,1.9,3036.13
2020/5/28,1.87,3029.73
2020/5/29,1.85,3044.31
2020/5/31,1.87,
2020/6/1,1.85,3055.73
2020/6/2,1.81,3080.82
2020/6/3,1.74,3122.87
2020/6/4,1.7,3112.35
2020/6/5,1.6,3193.93
2020/6/8,1.56,3232.39
2020/6/9,1.59,3207.18
2020/6/10,1.61,3190.14
2020/6/11,1.7,3002.1
2020/6/12,1.69,3041.31
2020/6/15,1.7,3066.59
2020/6/16,1.58,3124.74
2020/6/17,1.57,3113.49
2020/6/18,1.58,3115.34
2020/6/19,1.57,3097.74
2020/6/22,1.57,3117.86
2020/6/23,1.56,3131.29
2020/6/24,1.6,3050.33
2020/6/25,1.61,3083.76
2020/6/26,1.62,3009.05
2020/6/29,1.62,3053.24
2020/6/30,1.6,3100.29
2020/7/1,1.58,3115.86
2020/7/2,1.54,3130.01
2020/7/3,1.54,
2020/7/6,1.51,3179.72
2020/7/7,1.51,3145.32
2020/7/8,1.51,3169.94
2020/7/9,1.52,3152.05
2020/7/10,1.52,3185.04
2020/7/13,1.5,3155.22
2020/7/14,1.5,3197.52
2020/7/15,1.48,3226.56
2020/7/16,1.47,3215.57
2020/7/17,1.46,3224.73
2020/7/20,1.44,3251.84
2020/7/21,1.41,3257.3
2020/7/22,1.39,3276.02
2020/7/23,1.39,3235.66
2020/7/24,1.39,3215.63
2020/7/27,1.39,3239.41
2020/7/28,1.4,3218.44
2020/7/29,1.4,3258.44
2020/7/30,1.41,3246.22
2020/7/31,1.41,3271.12
2020/8/3,1.4,3294.61
2020/8/4,1.4,3306.51
2020/8/5,1.37,3327.77
2020/8/6,1.36,3349.16
2020/8/7,1.35,3351.28
2020/8/10,1.34,3360.47
2020/8/11,1.33,3333.69
2020/8/12,1.33,3380.35
2020/8/13,1.34,3373.43
2020/8/14,1.35,3372.85
2020/8/17,1.36,3381.99
2020/8/18,1.37,3389.78
2020/8/19,1.37,3374.85
2020/8/20,1.38,3385.51
2020/8/21,1.38,3397.16
2020/8/24,1.37,3431.28
2020/8/25,1.37,3443.62
2020/8/26,1.37,3478.73
2020/8/27,1.38,3484.55
2020/8/28,1.37,3508.01
2020/8/31,1.36,3500.31
2020/9/1,1.35,3526.65
2020/9/2,1.34,3580.84
2020/9/3,1.35,3455.06
2020/9/4,1.35,3426.96
2020/9/7,1.35,
2020/9/8,1.37,3331.84
2020/9/9,1.37,3398.96
2020/9/10,1.37,3339.19
2020/9/11,1.37,3340.97
2020/9/14,1.36,3383.54
2020/9/15,1.36,3401.2
2020/9/16,1.35,3385.49
2020/9/17,1.35,3357.01
2020/9/18,1.35,3319.47
2020/9/21,1.37,3281.06
2020/9/22,1.37,3315.57
2020/9/23,1.39,3236.92
2020/9/24,1.43,3246.59
2020/9/25,1.46,3298.46
2020/9/28,1.45,3351.6
2020/9/29,1.44,3335.47
2020/9/30,1.44,3363
2020/10/1,1.43,3380.8
2020/10/2,1.43,3348.44
2020/10/5,1.4,3408.63
2020/10/6,1.38,3360.95
2020/10/7,1.36,3419.45
2020/10/8,1.36,3446.83
2020/10/9,1.35,3477.13
2020/10/12,1.34,3534.22
2020/10/13,1.33,3511.93
2020/10/14,1.33,3488.67
2020/10/15,1.34,3483.34
2020/10/16,1.33,3483.81
2020/10/19,1.32,3426.92
2020/10/20,1.32,3443.12
2020/10/21,1.31,3435.56
2020/10/22,1.31,3453.49
2020/10/23,1.3,3465.39
2020/10/26,1.3,3400.97
2020/10/27,1.3,3390.68
2020/10/28,1.32,3271.03
2020/10/29,1.33,3310.11
2020/10/30,1.33,3269.96
2020/10/31,1.34,
2020/11/2,1.33,3310.24
2020/11/3,1.32,3369.16
2020/11/4,1.3,3443.44
2020/11/5,1.27,3510.45
2020/11/6,1.25,3509.44
2020/11/9,1.19,3550.5
2020/11/10,1.19,3545.53
2020/11/11,1.18,3572.66
2020/11/12,1.21,3537.01
2020/11/13,1.21,3585.15
2020/11/16,1.19,3626.91
2020/11/17,1.19,3609.53
2020/11/18,1.17,3567.79
2020/11/19,1.16,3581.87
2020/11/20,1.16,3557.54
2020/11/23,1.16,3577.59
2020/11/24,1.15,3635.41
2020/11/25,1.14,3629.65
2020/11/26,1.14,
2020/11/27,1.13,3638.35
2020/11/30,1.12,3621.63
2020/12/1,1.09,3662.45
2020/12/2,1.08,3669.01
2020/12/3,1.07,3666.72
2020/12/4,1.07,3699.12
2020/12/7,1.07,3691.96
2020/12/8,1.08,3702.25
2020/12/9,1.1,3672.82
2020/12/10,1.11,3668.1
2020/12/11,1.11,3663.46
2020/12/14,1.11,3647.49
2020/12/15,1.1,3694.62
2020/12/16,1.08,3701.17
2020/12/17,1.07,3722.48
2020/12/18,1.07,3709.41
2020/12/21,1.07,3694.92
2020/12/22,1.07,3687.26
2020/12/23,1.07,3690.01
2020/12/24,1.06,3703.06
2020/12/25,,
2020/12/28,1.05,3735.36
2020/12/29,1.05,3727.04
2020/12/30,1.03,3732.04
2020/12/31,1.03,3756.07
2021/1/1,,
2021/1/4,1.04,3700.65
2021/1/5,1.05,3726.86
2021/1/6,1.04,3748.14
2021/1/7,1.03,3803.79
2021/1/8,1.02,3824.68
2021/1/11,1.01,3799.61
2021/1/12,1.01,3801.19
2021/1/13,1,3809.84
2021/1/14,0.99,3795.54
2021/1/15,1,3768.25
2021/1/18,0.99,
2021/1/19,0.99,3798.91
2021/1/20,0.99,3851.85
2021/1/21,1,3853.07
2021/1/22,1.01,3841.47
2021/1/25,1.02,3855.36
2021/1/26,1.02,3849.62
2021/1/27,1.03,3750.77
2021/1/28,1.02,3787.38
2021/1/29,1.02,3714.24
2021/1/31,1.03,
2021/2/1,1.03,3773.86
2021/2/2,1.02,3826.31
2021/2/3,1.01,3830.17
2021/2/4,1,3871.74
2021/2/5,0.99,3886.83
2021/2/8,0.98,3915.59
2021/2/9,0.98,3911.23
2021/2/10,0.98,3909.88
2021/2/11,0.98,3916.38
2021/2/12,0.97,3934.83
2021/2/15,0.97,
2021/2/16,0.95,3932.59
2021/2/17,0.94,3931.33
2021/2/18,0.94,3913.97
2021/2/19,0.94,3906.71
2021/2/22,0.95,3876.5
2021/2/23,0.97,3881.37
2021/2/24,0.96,3925.43
2021/2/25,0.95,3829.34
2021/2/26,0.95,3811.15
2021/2/28,0.95,
2021/3/1,0.96,3901.82
2021/3/2,0.96,3870.29
2021/3/3,0.95,3819.72
2021/3/4,0.97,3768.47
2021/3/5,1,3841.94
2021/3/8,1.02,3821.35
2021/3/9,1.04,3875.44
2021/3/10,1.04,3898.81
2021/3/11,1.02,3939.34
2021/3/12,1.02,3943.34
2021/3/15,1.02,3968.94
2021/3/16,1.01,3962.71
2021/3/17,1.02,3974.12
2021/3/18,1,3915.46
2021/3/19,1,3913.1
2021/3/22,1,3940.59
2021/3/23,1.01,3910.52
2021/3/24,1.01,3889.14
2021/3/25,1.02,3909.52
2021/3/26,1.01,3974.54
2021/3/29,1,3971.09
2021/3/30,0.99,3958.55
2021/3/31,0.97,3972.89
2021/4/1,0.95,4019.87
2021/4/2,,
2021/4/5,0.94,4077.91
2021/4/6,0.95,4073.94
2021/4/7,0.95,4079.95
2021/4/8,0.95,4097.17
2021/4/9,0.94,4128.8
2021/4/12,0.94,4127.99
2021/4/13,0.94,4141.59
2021/4/14,0.93,4124.66
2021/4/15,0.94,4170.42
2021/4/16,0.94,4185.47
2021/4/19,0.95,4163.26
2021/4/20,0.96,4134.94
2021/4/21,0.96,4173.42
2021/4/22,0.96,4134.98
2021/4/23,0.95,4180.17
2021/4/26,0.95,4187.62
2021/4/27,0.94,4186.72
2021/4/28,0.94,4183.18
2021/4/29,0.94,4211.47
2021/4/30,0.94,4181.17
2021/5/3,0.94,4192.66
2021/5/4,0.94,4164.66
2021/5/5,0.94,4167.59
2021/5/6,0.94,4201.62
2021/5/7,0.93,4232.6
2021/5/10,0.93,4188.43
2021/5/11,0.93,4152.1
2021/5/12,0.93,4063.04
2021/5/13,0.93,4112.5
2021/5/14,0.92,4173.85
2021/5/17,0.91,4163.29
2021/5/18,0.91,4127.83
2021/5/19,0.92,4115.68
2021/5/20,0.92,4159.12
2021/5/21,0.91,4155.86
2021/5/24,0.91,4197.05
2021/5/25,0.9,4188.13
2021/5/26,0.9,4195.99
2021/5/27,0.9,4200.88
2021/5/28,0.9,4204.11
2021/5/31,0.91,
2021/6/1,0.91,4202.04
2021/6/2,0.9,4208.12
2021/6/3,0.9,4192.85
2021/6/4,0.91,4229.89
2021/6/7,0.91,4226.52
2021/6/8,0.91,4227.26
2021/6/9,0.91,4219.55
2021/6/10,0.91,4239.18
2021/6/11,0.9,4247.44
2021/6/14,0.89,4255.15
2021/6/15,0.89,4246.59
2021/6/16,0.87,4223.7
2021/6/17,0.87,4221.86
2021/6/18,0.87,4166.45
2021/6/21,0.87,4224.79
2021/6/22,0.88,4246.44
2021/6/23,0.88,4241.84
2021/6/24,0.87,4266.49
2021/6/25,0.86,4280.7
2021/6/28,0.86,4290.61
2021/6/29,0.86,4291.8
2021/6/30,0.86,4297.5
2021/7/1,0.87,4319.94
2021/7/2,0.87,4352.34
2021/7/5,0.87,
2021/7/6,0.87,4343.54
2021/7/7,0.88,4358.13
2021/7/8,0.9,4320.82
2021/7/9,0.9,4369.55
2021/7/12,0.9,4384.63
2021/7/13,0.89,4369.21
2021/7/14,0.89,4374.3
2021/7/15,0.9,4360.03
2021/7/16,0.91,4327.16
2021/7/19,0.93,4258.49
2021/7/20,0.94,4323.06
2021/7/21,0.93,4358.69
2021/7/22,0.93,4367.48
2021/7/23,0.92,4411.79
2021/7/26,0.92,4422.3
2021/7/27,0.92,4401.46
2021/7/28,0.92,4400.64
2021/7/29,0.91,4419.15
2021/7/30,0.91,4395.26
2021/7/31,0.92,
2021/8/2,0.93,4387.16
2021/8/3,0.93,4423.15
2021/8/4,0.93,4402.66
2021/8/5,0.93,4429.1
2021/8/6,0.93,4436.52
2021/8/9,0.93,4432.35
2021/8/10,0.93,4436.75
2021/8/11,0.93,4447.7
2021/8/12,0.93,4460.83
2021/8/13,0.93,4468
2021/8/16,0.93,4479.71
2021/8/17,0.93,4448.08
2021/8/18,0.94,4400.27
2021/8/19,0.95,4405.8
2021/8/20,0.95,4441.67
2021/8/23,0.95,4479.53
2021/8/24,0.94,4486.23
2021/8/25,0.93,4496.19
2021/8/26,0.93,4470
2021/8/27,0.92,4509.37
2021/8/30,0.92,4528.79
2021/8/31,0.92,4522.68
2021/9/1,0.92,4524.09
2021/9/2,0.92,4536.95
2021/9/3,0.92,4535.43
2021/9/6,0.92,
2021/9/7,0.92,4520.03
2021/9/8,0.92,4514.07
2021/9/9,0.92,4493.28
2021/9/10,0.91,4458.58
2021/9/13,0.9,4468.73
2021/9/14,0.9,4443.05
2021/9/15,0.9,4480.7
2021/9/16,0.9,4473.75
2021/9/17,0.9,4432.99
2021/9/20,0.91,4357.73
2021/9/21,0.91,4354.19
2021/9/22,0.9,4395.64
2021/9/23,0.89,4448.98
2021/9/24,0.87,4455.48
2021/9/27,0.86,4443.11
2021/9/28,0.87,4352.63
2021/9/29,0.87,4359.46
2021/9/30,0.89,4307.54
2021/10/1,0.89,4357.04
2021/10/4,0.89,4300.46
2021/10/5,0.89,4345.72
2021/10/6,0.9,4363.55
2021/10/7,0.9,4399.76
2021/10/8,0.9,4391.34
2021/10/11,0.9,4361.19
2021/10/12,0.91,4350.65
2021/10/13,0.91,4363.8
2021/10/14,0.9,4438.26
2021/10/15,0.89,4471.37
2021/10/18,0.89,4486.46
2021/10/19,0.89,4519.63
2021/10/20,0.89,4536.19
2021/10/21,0.89,4549.78
2021/10/22,0.89,4544.9
2021/10/25,0.89,4566.48
2021/10/26,0.89,4574.79
2021/10/27,0.89,4551.68
2021/10/28,0.89,4596.42
2021/10/29,0.89,4605.38
2021/10/31,0.89,
2021/11/1,0.9,4613.67
2021/11/2,0.91,4630.65
2021/11/3,0.91,4660.57
2021/11/4,0.9,4680.06
2021/11/5,0.9,4697.53
2021/11/8,0.89,4701.7
2021/11/9,0.9,4685.25
2021/11/10,0.9,4646.71
2021/11/11,0.9,4649.27
2021/11/12,0.91,4682.85
2021/11/15,0.91,4682.8
2021/11/16,0.93,4700.9
2021/11/17,0.94,4688.67
2021/11/18,0.94,4704.54
2021/11/19,0.94,4697.96
2021/11/22,0.94,4682.94
2021/11/23,0.96,4690.7
2021/11/24,0.96,4701.46
2021/11/25,0.96,
2021/11/26,1.01,4594.62
2021/11/29,1.02,4655.27
2021/11/30,1.03,4567
2021/12/1,1.03,4513.04
2021/12/2,1.04,4577.1
2021/12/3,1.03,4538.43
2021/12/6,1.02,4591.67
2021/12/7,1,4686.75
2021/12/8,0.99,4701.21
2021/12/9,0.99,4667.45
2021/12/10,1,4712.02
2021/12/13,1,4668.97
2021/12/14,1.01,4634.09
2021/12/15,1.01,4709.85
2021/12/16,1.01,4668.67
2021/12/17,1.01,4620.64
2021/12/20,1.03,4568.02
2021/12/21,1.02,4649.23
2021/12/22,1.01,4696.56
2021/12/23,1,4725.79
2021/12/24,,
2021/12/27,0.99,4791.19
2021/12/28,0.98,4786.35
2021/12/29,0.97,4793.06
2021/12/30,0.97,4778.73
2021/12/31,0.98,4766.18
2022/1/3,0.97,4796.56
2022/1/4,0.96,4793.54
2022/1/5,0.95,4700.58
2022/1/6,0.95,4696.05
2022/1/7,0.95,4677.03
2022/1/10,0.96,4670.29
2022/1/11,0.96,4713.07
2022/1/12,0.96,4726.35
2022/1/13,0.97,4659.03
2022/1/14,0.97,4662.85
2022/1/17,0.97,
2022/1/18,0.98,4577.11
2022/1/19,0.99,4532.76
2022/1/20,1,4482.73
2022/1/21,1.03,4397.94
2022/1/24,1.05,4410.13
2022/1/25,1.05,4356.45
2022/1/26,1.03,4349.93
2022/1/27,1.07,4326.51
2022/1/28,1.09,4431.85
2022/1/31,1.1,4515.55
2022/2/1,1.08,4546.54
2022/2/2,1.08,4589.38
2022/2/3,1.08,4477.44
2022/2/4,1.09,4500.53
2022/2/7,1.1,4483.87
2022/2/8,1.1,4521.54
2022/2/9,1.09,4587.18
2022/2/10,1.08,4504.08
2022/2/11,1.1,4418.64
2022/2/14,1.11,4401.67
2022/2/15,1.11,4471.07
2022/2/16,1.14,4475.01
2022/2/17,1.18,4380.26
2022/2/18,1.2,4348.87
2022/2/21,1.2,
2022/2/22,1.23,4304.76
2022/2/23,1.24,4225.5
2022/2/24,1.32,4288.7
2022/2/25,1.27,4384.65
2022/2/28,1.3,4373.94
2022/3/1,1.33,4306.26
2022/3/2,1.33,4386.54
2022/3/3,1.33,4363.49
2022/3/4,1.38,4328.87
2022/3/7,1.43,4201.09
2022/3/8,1.49,4170.7
2022/3/9,1.47,4277.88
2022/3/10,1.48,4259.52
2022/3/11,1.5,4204.31
2022/3/14,1.51,4173.11
2022/3/15,1.52,4262.45
2022/3/16,1.46,4357.86
2022/3/17,1.39,4411.67
2022/3/18,1.37,4463.12
2022/3/21,1.33,4461.18
2022/3/22,1.31,4511.61
2022/3/23,1.31,4456.24
2022/3/24,1.32,4520.16
2022/3/25,1.29,4543.06
2022/3/28,1.29,4575.52
2022/3/29,1.26,4631.6
2022/3/30,1.25,4602.45
2022/3/31,1.22,4530.41
2022/4/1,1.2,4545.86
2022/4/4,1.18,4582.64
2022/4/5,1.15,4525.12
2022/4/6,1.18,4481.15
2022/4/7,1.18,4500.21
2022/4/8,1.2,4488.28
2022/4/11,1.22,4412.53
2022/4/12,1.25,4397.45
2022/4/13,1.28,4446.59
2022/4/14,1.26,4392.59
2022/4/15,,
2022/4/18,1.27,4391.69
2022/4/19,1.28,4462.21
2022/4/20,1.29,4459.45
2022/4/21,1.3,4393.66
2022/4/22,1.33,4271.78
2022/4/25,1.35,4296.12
2022/4/26,1.36,4175.2
2022/4/27,1.38,4183.96
2022/4/28,1.38,4287.5
2022/4/29,1.39,4131.93
2022/4/30,1.41,
2022/5/2,1.41,4155.38
2022/5/3,1.4,4175.48
2022/5/4,1.41,4300.17
2022/5/5,1.39,4146.87
2022/5/6,1.4,4123.34
2022/5/9,1.44,3991.24
2022/5/10,1.45,4001.05
2022/5/11,1.45,3935.18
2022/5/12,1.48,3930.08
2022/5/13,1.47,4023.89
2022/5/16,1.49,4008.01
2022/5/17,1.49,4088.85
2022/5/18,1.52,3923.68
2022/5/19,1.54,3900.79
2022/5/20,1.55,3901.36
2022/5/23,1.53,3973.75
2022/5/24,1.54,3941.48
2022/5/25,1.49,3978.73
2022/5/26,1.44,4057.84
2022/5/27,1.41,4158.24
2022/5/30,1.41,
2022/5/31,1.4,4132.15
2022/6/1,1.37,4101.23
2022/6/2,1.38,4176.82
2022/6/3,1.38,4108.54
2022/6/6,1.37,4121.43
2022/6/7,1.38,4160.68
2022/6/8,1.37,4115.77
2022/6/9,1.38,4017.82
2022/6/10,1.41,3900.86
2022/6/13,1.46,3749.63
2022/6/14,1.46,3735.48
2022/6/15,1.45,3789.99
2022/6/16,1.49,3666.77
2022/6/17,1.5,3674.84
2022/6/20,1.5,
2022/6/21,1.49,3764.79
2022/6/22,1.54,3759.89
2022/6/23,1.56,3795.73
2022/6/24,1.55,3911.74
2022/6/27,1.54,3900.11
2022/6/28,1.56,3821.55
2022/6/29,1.58,3818.83
2022/6/30,1.64,3785.38
2022/7/1,1.65,3825.33
2022/7/4,1.65,
2022/7/5,1.67,3831.39
2022/7/6,1.65,3845.08
2022/7/7,1.6,3902.62
2022/7/8,1.57,3899.38
2022/7/11,1.58,3854.43
2022/7/12,1.59,3818.8
2022/7/13,1.59,3801.78
2022/7/14,1.6,3790.38
2022/7/15,1.58,3863.16
2022/7/18,1.55,3830.85
2022/7/19,1.54,3936.69
2022/7/20,1.52,3959.9
2022/7/21,1.52,3998.95
2022/7/22,1.52,3961.63
2022/7/25,1.54,3966.84
2022/7/26,1.56,3921.05
2022/7/27,1.55,4023.61
2022/7/28,1.54,4072.43
2022/7/29,1.51,4130.29
2022/7/31,1.53,
2022/8/1,1.52,4118.63
2022/8/2,1.51,4091.19
2022/8/3,1.5,4155.17
2022/8/4,1.5,4151.94
2022/8/5,1.49,4145.19
2022/8/8,1.49,4140.06
2022/8/9,1.5,4122.47
2022/8/10,1.47,4210.24
2022/8/11,1.42,4207.27
2022/8/12,1.41,4280.15
2022/8/15,1.4,4297.14
2022/8/16,1.39,4305.2
2022/8/17,1.41,4274.04
2022/8/18,1.41,4283.74
2022/8/19,1.42,4228.48
2022/8/22,1.44,4137.99
2022/8/23,1.45,4128.73
2022/8/24,1.43,4140.77
2022/8/25,1.42,4199.12
2022/8/26,1.42,4057.66
2022/8/29,1.44,4030.61
2022/8/30,1.45,3986.16
2022/8/31,1.48,3955
2022/9/1,1.5,3966.85
2022/9/2,1.5,3924.26
2022/9/5,1.51,
2022/9/6,1.51,3908.19
2022/9/7,1.51,3979.87
2022/9/8,1.49,4006.18
2022/9/9,1.47,4067.36
2022/9/12,1.46,4110.41
2022/9/13,1.46,3932.69
2022/9/14,1.46,3946.01
2022/9/15,1.45,3901.35
2022/9/16,1.48,3873.33
2022/9/19,1.47,3899.89
2022/9/20,1.47,3855.93
2022/9/21,1.47,3789.93
2022/9/22,1.48,3757.99
2022/9/23,1.51,3693.23
2022/9/26,1.54,3655.04
2022/9/27,1.58,3647.29
2022/9/28,1.67,3719.04
2022/9/29,1.68,3640.47
2022/9/30,1.67,3585.62
2022/10/3,1.65,3678.43
2022/10/4,1.6,3790.93
2022/10/5,1.61,3783.28
2022/10/6,1.58,3744.52
2022/10/7,1.6,3639.66
2022/10/10,1.6,3612.39
2022/10/11,1.67,3588.84
2022/10/12,1.71,3577.03
2022/10/13,1.71,3669.91
2022/10/14,1.7,3583.07
2022/10/17,1.7,3677.95
2022/10/18,1.69,3719.98
2022/10/19,1.7,3695.16
2022/10/20,1.69,3665.78
2022/10/21,1.71,3752.75
2022/10/24,1.68,3797.34
2022/10/25,1.69,3859.11
2022/10/26,1.67,3830.6
2022/10/27,1.68,3807.3
2022/10/28,1.66,3901.06
2022/10/31,1.66,3871.98
2022/11/1,1.64,3856.1
2022/11/2,1.62,3759.69
2022/11/3,1.64,3719.89
2022/11/4,1.61,3770.55
2022/11/7,1.59,3806.8
2022/11/8,1.6,3828.11
2022/11/9,1.6,3748.57
2022/11/10,1.58,3956.37
2022/11/11,1.58,3992.93
2022/11/14,1.52,3957.25
2022/11/15,1.48,3991.73
2022/11/16,1.48,3958.79
2022/11/17,1.47,3946.56
2022/11/18,1.45,3965.34
2022/11/21,1.44,3949.94
2022/11/22,1.43,4003.58
2022/11/23,1.42,4027.26
2022/11/24,1.42,
2022/11/25,1.4,4026.12
2022/11/28,1.4,3963.94
2022/11/29,1.42,3957.63
2022/11/30,1.42,4080.11
2022/12/1,1.41,4076.57
2022/12/2,1.4,4071.7
2022/12/5,1.39,3998.84
2022/12/6,1.39,3941.26
2022/12/7,1.4,3933.92
2022/12/8,1.38,3963.51
2022/12/9,1.37,3934.38
2022/12/12,1.37,3990.56
2022/12/13,1.36,4019.65
2022/12/14,1.37,3995.32
2022/12/15,1.38,3895.75
2022/12/16,1.39,3852.36
2022/12/19,1.4,3817.66
2022/12/20,1.41,3821.62
2022/12/21,1.4,3878.44
2022/12/22,1.39,3822.39
2022/12/23,1.38,3844.82
2022/12/26,,
2022/12/27,1.38,3829.25
2022/12/28,1.4,3783.22
2022/12/29,1.38,3849.28
2022/12/30,1.38,3839.5
2022/12/31,1.38,
2023/1/2,,
2023/1/3,1.4,3824.14
2023/1/4,1.4,3852.97
2023/1/5,1.4,3808.1
2023/1/6,1.4,3895.08
2023/1/9,1.37,3892.09
2023/1/10,1.35,3919.25
2023/1/11,1.34,3969.61
2023/1/12,1.33,3983.17
2023/1/13,1.32,3999.09
2023/1/16,1.32,
2023/1/17,1.3,3990.97
2023/1/18,1.29,3928.86
2023/1/19,1.3,3898.85
2023/1/20,1.29,3972.61
2023/1/23,1.28,4019.81
2023/1/24,1.29,4016.95
2023/1/25,1.28,4016.22
2023/1/26,1.26,4060.43
2023/1/27,1.25,4070.56
2023/1/30,1.25,4017.77
2023/1/31,1.25,4076.6
2023/2/1,1.25,4119.21
2023/2/2,1.21,4179.76
2023/2/3,1.2,4136.48
2023/2/6,1.2,4111.08
2023/2/7,1.2,4164
2023/2/8,1.2,4117.86
2023/2/9,1.2,4081.5
2023/2/10,1.23,4090.46
2023/2/13,1.24,4137.29
2023/2/14,1.23,4136.13
2023/2/15,1.23,4147.6
2023/2/16,1.23,4090.41
2023/2/17,1.26,4079.09
2023/2/20,1.26,
2023/2/21,1.28,3997.34
2023/2/22,1.28,3991.05
2023/2/23,1.28,4012.32
2023/2/24,1.28,3970.04
2023/2/27,1.28,3982.24
2023/2/28,1.3,3970.15
2023/3/1,1.29,3951.39
2023/3/2,1.27,3981.35
2023/3/3,1.25,4045.64
2023/3/6,1.24,4048.42
2023/3/7,1.25,3986.37
2023/3/8,1.27,3992.01
2023/3/9,1.3,3918.32
2023/3/10,1.37,3861.59
2023/3/13,1.51,3855.76
2023/3/14,1.5,3919.29
2023/3/15,1.64,3891.93
2023/3/16,1.61,3960.28
2023/3/17,1.62,3916.64
2023/3/20,1.62,3951.57
2023/3/21,1.52,4002.87
2023/3/22,1.5,3936.97
2023/3/23,1.52,3948.72
2023/3/24,1.54,3970.99
2023/3/27,1.52,3977.53
2023/3/28,1.52,3971.27
2023/3/29,1.5,4027.81
2023/3/30,1.46,4050.83
2023/3/31,1.45,4109.31
2023/4/3,1.43,4124.51
2023/4/4,1.43,4100.6
2023/4/5,1.45,4090.38
2023/4/6,1.46,4105.02
2023/4/7,,
2023/4/10,1.45,4109.11
2023/4/11,1.44,4108.94
2023/4/12,1.43,4091.95
2023/4/13,1.42,4146.22
2023/4/14,1.39,4137.64
2023/4/17,1.38,4151.32
2023/4/18,1.37,4154.87
2023/4/19,1.37,4154.52
2023/4/20,1.38,4129.79
2023/4/21,1.38,4133.52
2023/4/24,1.38,4137.04
2023/4/25,1.4,4071.63
2023/4/26,1.41,4055.99
2023/4/27,1.39,4135.35
2023/4/28,1.4,4169.48
2023/4/30,1.41,
2023/5/1,1.4,4167.87
2023/5/2,1.44,4119.58
2023/5/3,1.45,4090.75
2023/5/4,1.51,4061.22
2023/5/5,1.48,4136.25
2023/5/8,1.49,4138.12
2023/5/9,1.49,4119.17
2023/5/10,1.49,4137.64
2023/5/11,1.49,4130.62
2023/5/12,1.48,4124.08
2023/5/15,1.49,4136.28
2023/5/16,1.49,4109.9
2023/5/17,1.49,4158.77
2023/5/18,1.47,4198.05
2023/5/19,1.45,4191.98
2023/5/22,1.44,4192.63
2023/5/23,1.44,4145.58
2023/5/24,1.44,4115.24
2023/5/25,1.42,4151.28
2023/5/26,1.41,4205.45
2023/5/29,1.41,
2023/5/30,1.4,4205.52
2023/5/31,1.42,4179.83
2023/6/1,1.42,4221.02
2023/6/2,1.39,4282.37
2023/6/5,1.39,4273.79
2023/6/6,1.39,4283.85
2023/6/7,1.39,4267.52
2023/6/8,1.4,4293.93
2023/6/9,1.4,4298.86
2023/6/12,1.41,4338.93
2023/6/13,1.39,4369.01
2023/6/14,1.38,4372.59
2023/6/15,1.37,4425.84
2023/6/16,1.35,4409.59
2023/6/19,1.35,
2023/6/20,1.35,4388.71
2023/6/21,1.35,4365.69
2023/6/22,1.34,4381.89
2023/6/23,1.35,4348.33
2023/6/26,1.36,4328.82
2023/6/27,1.34,4378.41
2023/6/28,1.34,4376.86
2023/6/29,1.31,4396.44
2023/6/30,1.3,4450.38
2023/7/3,1.29,4455.59
2023/7/4,1.29,
2023/7/5,1.28,4446.82
2023/7/6,1.29,4411.59
2023/7/7,1.28,4398.95
2023/7/10,1.29,4409.53
2023/7/11,1.28,4439.26
2023/7/12,1.27,4472.16
2023/7/13,1.27,4510.04
2023/7/14,1.28,4505.42
2023/7/17,1.29,4522.79
2023/7/18,1.28,4554.98
2023/7/19,1.28,4565.72
2023/7/20,1.27,4534.87
2023/7/21,1.26,4536.34
2023/7/24,1.25,4554.64
2023/7/25,1.24,4567.46
2023/7/26,1.23,4566.75
2023/7/27,1.2,4537.41
2023/7/28,1.19,4582.23
2023/7/31,1.19,4588.96
2023/8/1,1.19,4576.73
2023/8/2,1.21,4513.39
2023/8/3,1.22,4501.89
2023/8/4,1.22,4478.03
2023/8/7,1.22,4518.44
2023/8/8,1.23,4499.38
2023/8/9,1.23,4467.71
2023/8/10,1.22,4468.83
2023/8/11,1.22,4464.05
2023/8/14,1.22,4489.72
2023/8/15,1.23,4437.86
2023/8/16,1.25,4404.33
2023/8/17,1.26,4370.36
2023/8/18,1.27,4369.71
2023/8/21,1.26,4399.77
2023/8/22,1.25,4387.55
2023/8/23,1.25,4436.01
2023/8/24,1.23,4376.31
2023/8/25,1.23,4405.71
2023/8/28,1.22,4433.31
2023/8/29,1.22,4497.63
2023/8/30,1.22,4514.87
2023/8/31,1.22,4507.66
2023/9/1,1.22,4515.77
2023/9/4,1.22,
2023/9/5,1.22,4496.83
2023/9/6,1.23,4465.48
2023/9/7,1.23,4451.14
2023/9/8,1.23,4457.49
2023/9/11,1.23,4487.46
2023/9/12,1.23,4461.9
2023/9/13,1.24,4467.44
2023/9/14,1.23,4505.1
2023/9/15,1.22,4450.32
2023/9/18,1.22,4453.53
2023/9/19,1.21,4443.95
2023/9/20,1.2,4402.2
2023/9/21,1.2,4330
2023/9/22,1.2,4320.06
2023/9/25,1.19,4337.44
2023/9/26,1.2,4273.53
2023/9/27,1.21,4274.51
2023/9/28,1.23,4299.7
2023/9/29,1.24,4288.05
2023/9/30,1.25,
2023/10/2,1.26,4288.39
2023/10/3,1.28,4229.45
2023/10/4,1.29,4263.75
2023/10/5,1.29,4258.19
2023/10/6,1.29,4308.5
2023/10/9,1.29,4335.66
2023/10/10,1.29,4358.24
2023/10/11,1.27,4376.95
2023/10/12,1.26,4349.61
2023/10/13,1.27,4327.78
2023/10/16,1.27,4373.63
2023/10/17,1.27,4373.2
2023/10/18,1.29,4314.6
2023/10/19,1.31,4278
2023/10/20,1.33,4224.16
2023/10/23,1.33,4217.04
2023/10/24,1.31,4247.68
2023/10/25,1.3,4186.77
2023/10/26,1.3,4137.23
2023/10/27,1.31,4117.37
2023/10/30,1.32,4166.82
2023/10/31,1.32,4193.8
2023/11/1,1.33,4237.86
2023/11/2,1.29,4317.78
2023/11/3,1.29,4358.34
2023/11/6,1.28,4365.98
2023/11/7,1.29,4378.38
2023/11/8,1.28,4382.78
2023/11/9,1.27,4347.35
2023/11/10,1.26,4415.24
2023/11/13,1.25,4411.55
2023/11/14,1.23,4495.7
2023/11/15,1.22,4502.88
2023/11/16,1.21,4508.24
2023/11/17,1.2,4514.02
2023/11/20,1.18,4547.38
2023/11/21,1.17,4538.19
2023/11/22,1.15,4556.62
2023/11/23,1.15,
2023/11/24,1.14,4559.34
2023/11/27,1.14,4550.43
2023/11/28,1.14,4554.89
2023/11/29,1.11,4550.58
2023/11/30,1.11,4567.8
2023/12/1,1.11,4594.63
2023/12/4,1.1,4569.78
2023/12/5,1.11,4567.18
2023/12/6,1.12,4549.34
2023/12/7,1.11,4585.59
2023/12/8,1.1,4604.37
2023/12/11,1.1,4622.44
2023/12/12,1.09,4643.7
2023/12/13,1.08,4707.09
2023/12/14,1.04,4719.55
2023/12/15,1.04,4719.19
2023/12/18,1.05,4740.56
2023/12/19,1.05,4768.37
2023/12/20,1.06,4698.35
2023/12/21,1.07,4746.75
2023/12/22,1.07,4754.63
2023/12/25,,
2023/12/26,1.06,4774.75
2023/12/27,1.05,4781.58
2023/12/28,1.04,4783.35
2023/12/29,1.04,4769.83
2023/12/31,1.04,
2024/1/1,,
2024/1/2,1.06,4742.83
2024/1/3,1.09,4704.81
2024/1/4,1.09,4688.68
2024/1/5,1.09,4697.24
2024/1/8,1.08,4763.54
2024/1/9,1.06,4756.5
2024/1/10,1.04,4783.45
2024/1/11,1.03,4780.24
2024/1/12,1.02,4783.83
2024/1/15,1.02,
2024/1/16,1.02,4765.98
2024/1/17,1.02,4739.21
2024/1/18,1.01,4780.94
2024/1/19,1.01,4839.81
2024/1/22,1.01,4850.43
2024/1/23,1.01,4864.6
2024/1/24,0.99,4868.55
2024/1/25,0.98,4894.16
2024/1/26,0.97,4890.97
2024/1/29,0.98,4927.93
2024/1/30,1,4924.97
2024/1/31,1.02,4845.65
2024/2/1,1.04,4906.19
2024/2/2,1.02,4958.61
2024/2/5,1,4942.81
2024/2/6,1,4954.23
2024/2/7,1,4995.06
2024/2/8,0.99,4997.91
2024/2/9,1,5026.61
2024/2/12,1,5021.84
2024/2/13,0.99,4953.17
2024/2/14,0.98,5000.62
2024/2/15,0.97,5029.73
2024/2/16,0.96,5005.57
2024/2/19,0.96,
2024/2/20,0.96,4975.51
2024/2/21,0.94,4981.8
2024/2/22,0.93,5087.03
2024/2/23,0.95,5088.8
2024/2/26,0.96,5069.53
2024/2/27,0.96,5078.18
2024/2/28,0.98,5069.76
2024/2/29,1,5096.27
2024/3/1,1.01,5137.08
2024/3/4,1,5130.95
2024/3/5,1.01,5078.65
2024/3/6,1.01,5104.76
2024/3/7,1,5157.36
2024/3/8,0.99,5123.69
2024/3/11,0.98,5117.94
2024/3/12,0.97,5175.27
2024/3/13,0.95,5165.31
2024/3/14,0.94,5150.48
2024/3/15,0.93,5117.09
2024/3/18,0.92,5149.42
2024/3/19,0.92,5178.51
2024/3/20,0.92,5224.62
2024/3/21,0.91,5241.53
2024/3/22,0.92,5234.18
2024/3/25,0.92,5218.19
2024/3/26,0.93,5203.58
2024/3/27,0.94,5248.49
2024/3/28,0.93,5254.35
2024/3/29,,
2024/3/31,0.94,
2024/4/1,0.93,5243.77
2024/4/2,0.93,5205.81
2024/4/3,0.92,5211.49
2024/4/4,0.92,5147.21
2024/4/5,0.92,5204.34
2024/4/8,0.91,5202.39
2024/4/9,0.91,5209.91
2024/4/10,0.89,5160.64
2024/4/11,0.89,5199.06
2024/4/12,0.92,5123.41
2024/4/15,0.92,5061.82
2024/4/16,0.95,5051.41
2024/4/17,0.95,5022.21
2024/4/18,0.94,5011.12
2024/4/19,0.94,4967.23
2024/4/22,0.93,5010.6
2024/4/23,0.92,5070.55
2024/4/24,0.92,5071.63
2024/4/25,0.92,5048.42
2024/4/26,0.9,5099.96
2024/4/29,0.9,5116.17
2024/4/30,0.91,5035.69
2024/5/1,0.91,5018.39
2024/5/2,0.9,5064.2
2024/5/3,0.89,5127.79
2024/5/6,0.88,5180.74
2024/5/7,0.88,5187.7
2024/5/8,0.89,5187.67
2024/5/9,0.89,5214.08
2024/5/10,0.89,5222.68
2024/5/13,0.9,5221.42
2024/5/14,0.9,5246.68
2024/5/15,0.9,5308.15
2024/5/16,0.89,5297.1
2024/5/17,0.89,5303.27
2024/5/20,0.88,5308.13
2024/5/21,0.89,5321.41
2024/5/22,0.89,5307.01
2024/5/23,0.89,5267.84
2024/5/24,0.89,5304.72
2024/5/27,0.89,
2024/5/28,0.88,5306.04
2024/5/29,0.88,5266.95
2024/5/30,0.88,5235.48
2024/5/31,0.88,5277.51
2024/6/3,0.88,5283.4
2024/6/4,0.9,5291.34
2024/6/5,0.91,5354.03
2024/6/6,0.92,5352.96
2024/6/7,0.9,5346.99
2024/6/10,0.9,5360.79
2024/6/11,0.91,5375.32
2024/6/12,0.9,5421.03
2024/6/13,0.92,5433.74
2024/6/14,0.95,5431.6
2024/6/17,0.95,5473.23
2024/6/18,0.96,5487.03
2024/6/19,0.96,
2024/6/20,0.96,5473.17
2024/6/21,0.96,5464.62
2024/6/24,0.96,5447.87
2024/6/25,0.96,5469.3
2024/6/26,0.97,5477.9
2024/6/27,0.96,5482.87
2024/6/28,0.96,5460.48
2024/6/30,0.96,
2024/7/1,0.94,5475.09
2024/7/2,0.93,5509.01
2024/7/3,0.93,5537.02
2024/7/4,0.93,
2024/7/5,0.92,5567.19
2024/7/8,0.92,5572.85
2024/7/9,0.92,5576.98
2024/7/10,0.92,5633.91
2024/7/11,0.93,5584.54
2024/7/12,0.92,5615.35
2024/7/15,0.92,5631.22
2024/7/16,0.92,5667.2
2024/7/17,0.93,5588.27
2024/7/18,0.93,5544.59
2024/7/19,0.93,5505
2024/7/22,0.93,5564.41
2024/7/23,0.93,5555.74
2024/7/24,0.96,5427.13
2024/7/25,0.95,5399.22
2024/7/26,0.95,5459.1
2024/7/29,0.95,5463.54
2024/7/30,0.96,5436.44
2024/7/31,0.97,5522.3
2024/8/1,1,5446.68
2024/8/2,1.06,5346.56
2024/8/5,1.12,5186.33
2024/8/6,1.08,5240.03
2024/8/7,1.07,5199.5
2024/8/8,1.05,5319.31
2024/8/9,1.05,5344.16
2024/8/12,1.05,5344.39
2024/8/13,1.04,5434.43
2024/8/14,1.02,5455.21
2024/8/15,0.98,5543.22
2024/8/16,0.98,5554.25
2024/8/19,0.97,5608.25
2024/8/20,0.98,5597.12
2024/8/21,0.98,5620.85
2024/8/22,0.97,5570.64
2024/8/23,0.96,5634.61
2024/8/26,0.96,5616.84
2024/8/27,0.96,5625.8
2024/8/28,0.96,5592.18
2024/8/29,0.96,5591.96
2024/8/30,0.95,5648.4
2024/8/31,0.96,
2024/9/2,0.96,
2024/9/3,0.98,5528.93
2024/9/4,0.99,5520.07
2024/9/5,0.99,5503.41
2024/9/6,0.99,5408.42
2024/9/9,0.99,5471.05
2024/9/10,1.01,5495.52
2024/9/11,1.01,5554.13
2024/9/12,0.99,5595.76
2024/9/13,0.99,5626.02
2024/9/16,0.98,5633.09
2024/9/17,0.97,5634.58
2024/9/18,0.95,5618.26
2024/9/19,0.93,5713.64
2024/9/20,0.93,5702.55
2024/9/23,0.92,5718.57
2024/9/24,0.92,5732.93
2024/9/25,0.92,5722.26
2024/9/26,0.92,5745.37
2024/9/27,0.92,5738.17
2024/9/30,0.92,5762.48
2024/10/1,0.92,5708.75
2024/10/2,0.91,5709.54
2024/10/3,0.9,5699.94
2024/10/4,0.87,5751.07
2024/10/7,0.86,5695.94
2024/10/8,0.87,5751.13
2024/10/9,0.85,5792.04
2024/10/10,0.84,5780.05
2024/10/11,0.84,5815.03
2024/10/14,0.84,5859.85
2024/10/15,0.83,5815.26
2024/10/16,0.83,5842.47
2024/10/17,0.83,5841.47
2024/10/18,0.83,5864.67
2024/10/21,0.85,5853.98
2024/10/22,0.85,5851.2
2024/10/23,0.86,5797.42
2024/10/24,0.86,5809.86
2024/10/25,0.85,5808.12
2024/10/28,0.84,5823.52
2024/10/29,0.84,5832.92
2024/10/30,0.84,5813.67
2024/10/31,0.86,5705.45
2024/11/1,0.86,5728.8
2024/11/4,0.86,5712.69
2024/11/5,0.84,5782.76
2024/11/6,0.8,5929.04
2024/11/7,0.78,5973.1
2024/11/8,0.77,5995.54
2024/11/11,0.77,6001.35
2024/11/12,0.77,5983.99
2024/11/13,0.78,5985.38
2024/11/14,0.8,5949.17
2024/11/15,0.8,5870.62
2024/11/18,0.8,5893.62
2024/11/19,0.8,5916.98
2024/11/20,0.81,5917.11
2024/11/21,0.81,5948.71
2024/11/22,0.8,5969.34
2024/11/25,0.8,5987.37
2024/11/26,0.81,6021.63
2024/11/27,0.82,5998.74
2024/11/28,0.82,
2024/11/29,0.82,6032.38
2024/11/30,0.83,
2024/12/2,0.81,6047.15
2024/12/3,0.8,6049.88
2024/12/4,0.8,6086.49
2024/12/5,0.81,6075.11
2024/12/6,0.81,6090.27
2024/12/9,0.81,6052.85
2024/12/10,0.8,6034.91
2024/12/11,0.78,6084.19
2024/12/12,0.79,6051.25
2024/12/13,0.78,6051.09
2024/12/16,0.78,6074.08
2024/12/17,0.79,6050.61
2024/12/18,0.79,5872.16
2024/12/19,0.82,5867.08
2024/12/20,0.82,5930.85
2024/12/23,0.82,5974.07
2024/12/24,,6040.04
2024/12/25,,
2024/12/26,0.81,6037.59
2024/12/27,0.81,5970.84
2024/12/30,0.82,5906.94
2024/12/31,0.82,5881.63
2025/1/1,,
2025/1/2,0.83,5868.55
2025/1/3,0.83,5942.47
2025/1/6,0.84,5975.38
2025/1/7,0.84,5909.03
2025/1/8,0.83,5918.25
2025/1/9,0.83,
2025/1/10,0.83,5827.04
2025/1/13,0.84,5836.22
2025/1/14,0.84,5842.91
2025/1/15,0.83,5949.91
